nombre,afinidad,posicion,equipo,url_imagen
Adrian Speed,Aire,Delantero,Instituto Wild,https://static.wikia.nocookie.net/inazuma/images/d/d6/SuizenjiChiita.JPG/revision/latest?cb=20120423015209&path-prefix=es
Alan Coe,Bosque,Centrocampista,Instituto Wild,https://static.wikia.nocookie.net/inazuma/images/7/78/%28W%29_Koala_3D_%283%29.png/revision/latest/scale-to-width-down/268?cb=20191015151112&path-prefix=es
Alan Master,Aire,Defensa,1ª Línea : 4. Royal Academy 2. Neo Japón 2ª Línea : 4. Royal Academy,https://static.wikia.nocookie.net/inazuma/images/a/aa/Kennya_Narukamialasn.png/revision/latest?cb=20120102022817&path-prefix=es
Alan Most,Montaña,Defensa,Instituto Umbrella,https://static.wikia.nocookie.net/inazuma/images/1/1d/%28U%29_Most_%283%29.png/revision/latest/scale-to-width-down/268?cb=20191024143655&path-prefix=es
Albert Green,Fuego,Portero,Instituto Farm,https://static.wikia.nocookie.net/inazuma/images/6/69/Albert_Green.png/revision/latest?cb=20130910103759&path-prefix=es
Alex Lovely,Aire,Defensa,Sallys,https://static.wikia.nocookie.net/inazuma/images/1/13/%28S%29_Lovely_3D_%283%29.png/revision/latest/scale-to-width-down/268?cb=20200122232318&path-prefix=es
Alexander Brave,Fuego,Centrocampista,Instituto Occult,https://static.wikia.nocookie.net/inazuma/images/0/0b/Yatsuhaka_Tataru_IED.png/revision/latest?cb=20121126230502&path-prefix=es
Alf Holmes,Bosque,Delantero [ 1 ] Portero,Sallys,https://static.wikia.nocookie.net/inazuma/images/d/de/%28S%29_Holmes_3D_%283%29.png/revision/latest/scale-to-width-down/268?cb=20200122232044&path-prefix=es
Alfred Meenan,Bosque,Defensa,Línea Original : Instituto Kirkwood Línea Alterna : Instituto Kirkwood,https://static.wikia.nocookie.net/inazuma/images/b/bd/IE_2_-_Meenan.png/revision/latest?cb=20180602234431&path-prefix=es
Andy,Montaña,Defensa,,https://static.wikia.nocookie.net/inazuma/images/f/fd/Andy.png/revision/latest?cb=20250111152816&path-prefix=es
Andy Chronic,Bosque,Defensa,Instituto Zeus,https://static.wikia.nocookie.net/inazuma/images/3/30/%28Z%29_Chronos_3D_%283%29.png/revision/latest/scale-to-width-down/268?cb=20191021133004&path-prefix=es
Anthony Woodbridge,Aire,Centrocampista,Instituto Otaku,https://static.wikia.nocookie.net/inazuma/images/8/88/Anthony_Woodbridge.jpg/revision/latest/scale-to-width-down/268?cb=20120805073838&path-prefix=es
Apollo Light,Bosque,Defensa,1ª Línea : Instituto Zeus 2ª Línea : Instituto Zeus,https://static.wikia.nocookie.net/inazuma/images/0/03/250px-Aporo_Hikaru.jpg/revision/latest?cb=20120628002708&path-prefix=es
Arnold Horrel,Montaña [ 1 ],,,https://static.wikia.nocookie.net/inazuma/images/f/f5/Arnold.png/revision/latest?cb=20130421150636&path-prefix=es
Arthur Sweet,Montaña,Defensa Entrenador,4. Instituto Raimon,https://static.wikia.nocookie.net/inazuma/images/6/69/Arthur_Sweet_%28Anime%29.png/revision/latest?cb=20150321132419&path-prefix=es
Artie Mishman,Aire,Centrocampista,1ª Línea : Instituto Zeus 2ª Línea : Instituto Zeus,https://static.wikia.nocookie.net/inazuma/images/9/96/Artemis.jpg/revision/latest?cb=20121213132501&path-prefix=es
Aurelia Dingle,Bosque,Centrocampista,2ª Línea : Raimon Isla Remota,https://static.wikia.nocookie.net/inazuma/images/6/6c/Aurelia_%28GO_Strikers_2013%29.png/revision/latest/scale-to-width-down/268?cb=20161110145441&path-prefix=es
Axel Blaze,Fuego,Delantero Entrenador,1ª Línea : ??. [ 1 ] Instituto Kirkwood,https://static.wikia.nocookie.net/inazuma/images/5/57/Axel_%28IJ_Artwork%29.png/revision/latest?cb=20190808150903&path-prefix=es
Barry Potts,Aire,Centrocampista,Royal Academy,https://static.wikia.nocookie.net/inazuma/images/1/10/%28RA%29_Potts_3D_%283%29.png/revision/latest/scale-to-width-down/268?cb=20191016195712&path-prefix=es
Bart Grantham,Bosque,Defensa [ 1 ] Portero,Inazuma Kids FC,https://static.wikia.nocookie.net/inazuma/images/4/43/%28IKFC%29_Grantham_3D_%283%29.png/revision/latest/scale-to-width-down/268?cb=20200117135352&path-prefix=es
Ben Nevis,Aire,Defensa,Instituto Farm,https://static.wikia.nocookie.net/inazuma/images/3/3a/%28F%29_Nevis_3D_%283%29.png/revision/latest/scale-to-width-down/268?cb=20191019201054&path-prefix=es
Ben Simmons,Bosque,Defensa,1ª Línea : 3. Royal Academy 2ª Línea : 3. Royal Academy,https://static.wikia.nocookie.net/inazuma/images/b/b0/118369.png/revision/latest?cb=20121126180900&path-prefix=es
Bill Formby,Montaña,Defensa,Instituto Otaku,https://static.wikia.nocookie.net/inazuma/images/4/47/%28OTK%29_Formby_3D_%283%29.png/revision/latest/scale-to-width-down/268?cb=20191017133920&path-prefix=es
Bill Steakspear,Montaña,Defensa,16. Inazuma Eleven,https://static.wikia.nocookie.net/inazuma/images/4/4b/%28IE%29_Steaky_3D_%283%29.png/revision/latest/scale-to-width-down/268?cb=20200131151418&path-prefix=es
Bob Carlton,Bosque,Portero Defensa [ 1 ],Royal Academy,https://static.wikia.nocookie.net/inazuma/images/d/d8/%28RA%29_Carlton_3D_%283%29.png/revision/latest/scale-to-width-down/268?cb=20191016195601&path-prefix=es
Bobby Shearer,Bosque,Defensa,1ª Línea : 13. Royal Academy,https://static.wikia.nocookie.net/inazuma/images/f/f5/Bobby_Shearer%28Original%29.png/revision/latest?cb=20210208024909&path-prefix=es
Brody Gloom,Montaña,Centrocampista,Instituto Kirkwood,https://static.wikia.nocookie.net/inazuma/images/d/d9/%28KW%29_Gloom_3D_%283%29.png/revision/latest/scale-to-width-down/268?cb=20191019201920&path-prefix=es
Bruce Chaney,Bosque,Centrocampista,Instituto Umbrella Instituto Raimon,https://static.wikia.nocookie.net/inazuma/images/f/f6/Chaki.png/revision/latest?cb=20120104203028&path-prefix=es
Bruce Monkey,Aire,Centrocampista,Instituto Wild,https://static.wikia.nocookie.net/inazuma/images/a/a8/250px-SarutaN.png/revision/latest?cb=20120101175603&path-prefix=es
Burt Wolf,Montaña,Delantero Centrocampista,Instituto Occult,https://static.wikia.nocookie.net/inazuma/images/7/76/Burt_Wolf_IED.png/revision/latest?cb=20121202155718&path-prefix=es
Byron Love,Bosque,Centrocampista Delantero Entrenador,1ª Línea : 10. Instituto Zeus 11. Instituto Raimon,https://static.wikia.nocookie.net/inazuma/images/e/ee/Byron_%28T3_Artwork%29.png/revision/latest?cb=20161217203334&path-prefix=es
Cal Trops,Bosque,Centrocampista,Instituto Shuriken,https://static.wikia.nocookie.net/inazuma/images/c/cc/%28SHK%29_Trops_3D_%283%29.png/revision/latest/scale-to-width-down/268?cb=20191017132034&path-prefix=es
Cameron Morefield,Aire,Centrocampista,Instituto Umbrella Instituto Raimon,https://static.wikia.nocookie.net/inazuma/images/5/59/Cameron.jpg/revision/latest/scale-to-width-down/268?cb=20230913161445&path-prefix=es
Celia Hills,Aire,Centrocampista,1ª Línea : Instituto Raimon,https://static.wikia.nocookie.net/inazuma/images/b/b6/Celia_%28Artwork%29.png/revision/latest/scale-to-width-down/150?cb=20210124130626&path-prefix=es
Chad Bullford,Fuego,Defensa [ 1 ] Portero,Instituto Wild,https://static.wikia.nocookie.net/inazuma/images/c/c1/%28W%29_Bullford_3D_%283%29.png/revision/latest/scale-to-width-down/268?cb=20191015150712&path-prefix=es
Cham Lion,Aire,Centrocampista,Instituto Wild,https://static.wikia.nocookie.net/inazuma/images/b/b8/123595.png/revision/latest?cb=20121125120029&path-prefix=es
Charles Island,Bosque,Defensa,2. Instituto Raimon,https://static.wikia.nocookie.net/inazuma/images/5/53/Ukishima_IE_14_HQ.PNG/revision/latest?cb=20130328132138&path-prefix=es
Charles Oughtry,Montaña,Centrocampista,Instituto Brain,https://static.wikia.nocookie.net/inazuma/images/f/f0/%28B%29_Oughtry_3D_%283%29.png/revision/latest/scale-to-width-down/268?cb=20191016140116&path-prefix=es
Charlie Boardfield,Fuego,Portero,Instituto Wild,https://static.wikia.nocookie.net/inazuma/images/6/60/Yamino_Kageto_3.png/revision/latest/scale-to-width-down/268?cb=20120101170727&path-prefix=es
Chester Horse,Montaña,Portero,,https://static.wikia.nocookie.net/inazuma/images/4/41/Chester_Horse.jpg/revision/latest/scale-to-width-down/268?cb=20120724121053&path-prefix=es
Chester Horse Jr,Bosque,Centrocampista,,https://static.wikia.nocookie.net/inazuma/images/d/d2/Chester_Horse_Jr._%28jov%C3%A9n%29.jpg/revision/latest?cb=20130618193830&path-prefix=es
Chuck Dollman,Bosque,Delantero,Instituto Occult,https://static.wikia.nocookie.net/inazuma/images/1/18/%28O%29_Dollman_3D_%283%29.png/revision/latest/scale-to-width-down/268?cb=20191015131820&path-prefix=es
Cliff Tomlinson,Aire,Delantero,Royal Academy,https://static.wikia.nocookie.net/inazuma/images/e/e2/%28RA%29_Tomlinson_3D_%283%29.png/revision/latest/scale-to-width-down/268?cb=20191016195719&path-prefix=es
Clint Loggan,Bosque,Entrenador Delantero,DT. Instituto Umbrella,https://static.wikia.nocookie.net/inazuma/images/9/9a/Clint_Loggan.png/revision/latest?cb=20200512093612&path-prefix=es
Clive Mooney,Fuego,Delantero,Instituto Brain,https://static.wikia.nocookie.net/inazuma/images/4/41/%28B%29_Mooney_3D_%283%29.png/revision/latest/scale-to-width-down/268?cb=20191016140114&path-prefix=es
Constant Builder,Fuego,Delantero,11. Instituto Raimon,https://static.wikia.nocookie.net/inazuma/images/a/af/Constant_Builder_%28EP14%29.jpg/revision/latest/scale-to-width-down/268?cb=20160617154344&path-prefix=es
Dan Hopper,Montaña,Defensa,Instituto Shuriken,https://static.wikia.nocookie.net/inazuma/images/6/6f/%28SHK%29_Hopper_3D_%283%29.png/revision/latest/scale-to-width-down/268?cb=20191017131848&path-prefix=es
Dan Mirthful,Bosque,Defensa,Línea Original : Instituto Kirkwood Línea Alterna : Instituto Kirkwood,https://static.wikia.nocookie.net/inazuma/images/7/75/Mitsumine.jpg/revision/latest/scale-to-width-down/268?cb=20120101210654&path-prefix=es
Daniel Dawson,Aire,Centrocampista,Instituto Farm,https://static.wikia.nocookie.net/inazuma/images/e/ef/250px-Negami_Daichi.jpg/revision/latest?cb=20120423000600&path-prefix=es
Daniel Hatch,Bosque,Delantero Defensa,1ª Línea : 9. Royal Academy,https://static.wikia.nocookie.net/inazuma/images/6/64/JirouS..png/revision/latest?cb=20121126183653&path-prefix=es
Danny Wood,Aire,Defensa,1ª Línea : Instituto Zeus 2ª Línea : Instituto Zeus,https://static.wikia.nocookie.net/inazuma/images/3/3c/Danny_Wood_%28Anime%29.PNG/revision/latest/scale-to-width-down/268?cb=20160830002355&path-prefix=es
David Evans,Montaña,Entrenador Portero,1. Selección Profesional de Japón DT. Instituto Raimon,https://static.wikia.nocookie.net/inazuma/images/7/7f/David_Evans_IED.png/revision/latest?cb=20121126225621&path-prefix=es
David Samford,Bosque,Delantero Entrenador Defensa,1ª Línea : 11. Royal Academy 11. Royal Academy Redux 16. Pruebas de Selección - Equipo A 16. Inazuma Japón 16. Orfeo,https://static.wikia.nocookie.net/inazuma/images/d/d7/David_Samford_%28Artwork_T3%29.png/revision/latest?cb=20160402154445&path-prefix=es
Derek Swing,Aire,Centrocampista,1ª Línea : Royal Academy 2ª Línea : Royal Academy,https://static.wikia.nocookie.net/inazuma/images/c/c9/118368.png/revision/latest?cb=20121126183243&path-prefix=es
Dom Foreman,Montaña,Centrocampista,14. Inazuma Eleven,https://static.wikia.nocookie.net/inazuma/images/9/9a/%28IE%29_Foreman_3D_%283%29.png/revision/latest/scale-to-width-down/268?cb=20200131145249&path-prefix=es
Donovan Lardy,Aire [ 1 ],,,https://static.wikia.nocookie.net/inazuma/images/2/2f/Lardy.png/revision/latest/scale-to-width-down/268?cb=20200511151500&path-prefix=es
Dough Baughan,Aire,Delantero,Sallys,https://static.wikia.nocookie.net/inazuma/images/8/84/%28S%29_Baughan_3D_%283%29.png/revision/latest/scale-to-width-down/268?cb=20200122232036&path-prefix=es
Eddie Prentice,Montaña,Delantero,Sallys,https://static.wikia.nocookie.net/inazuma/images/b/bb/%28S%29_Prentice_3D_%283%29.png/revision/latest/scale-to-width-down/268?cb=20200122232319&path-prefix=es
Edward Gladstone,Fuego,Centrocampista,7. Instituto Raimon,https://static.wikia.nocookie.net/inazuma/images/a/ab/Edward_Gladstone_%28anime%29.png/revision/latest/scale-to-width-down/268?cb=20160615133437&path-prefix=es
Eren Middleton,Montaña,Defensa,Instituto Kirkwood,https://static.wikia.nocookie.net/inazuma/images/4/45/%28KW%29_Middleton_3D_%283%29.png/revision/latest/scale-to-width-down/268?cb=20191019201827&path-prefix=es
Erik Eagle,Bosque,Centrocampista,1ª Línea : 16. Instituto Raimon 7. Unicorn Earth Eleven,https://static.wikia.nocookie.net/inazuma/images/5/5a/Erik_%28T1_Artwork%29.png/revision/latest?cb=20180514225302&path-prefix=es
Fayette Riversong,Montaña,Centrocampista,Sallys,https://static.wikia.nocookie.net/inazuma/images/c/c0/%28S%29_Riversong_3D_%283%29.png/revision/latest/scale-to-width-down/268?cb=20200122232321&path-prefix=es
Finn Stoned,Fuego,Defensa,Instituto Shuriken,https://static.wikia.nocookie.net/inazuma/images/1/13/Finn_Stoned.jpg/revision/latest/scale-to-width-down/268?cb=20150224213220&path-prefix=es
Francis Tell,Bosque,Centrocampista,1ª Línea : Instituto Brain 2ª Línea : Instituto Brain,https://static.wikia.nocookie.net/inazuma/images/f/ff/Francis_Tell_%28Anime%29.jpg/revision/latest/scale-to-width-down/268?cb=20160320170447&path-prefix=es
Frank Wintersea,Aire,Entrenador Defensa,Instituto Raimon,https://static.wikia.nocookie.net/inazuma/images/3/38/Winterseaproff.png/revision/latest?cb=20130322182510&path-prefix=es
Fred Crumb,Montaña,Defensa,Sallys,https://static.wikia.nocookie.net/inazuma/images/1/11/%28S%29_Crumb_3D_%283%29.png/revision/latest/scale-to-width-down/268?cb=20200122232038&path-prefix=es
Gaby Farmer,Aire,Delantero,Instituto Otaku,https://static.wikia.nocookie.net/inazuma/images/3/3a/Gaby_Farmer.jpg/revision/latest?cb=20240108231028&path-prefix=es
Galen Thunderbird,Montaña,Defensa,Instituto Shuriken,https://static.wikia.nocookie.net/inazuma/images/f/f7/Galen.jpg/revision/latest/scale-to-width-down/268?cb=20150224213001&path-prefix=es
Garret Hairtown,Aire,Defensa,3. Instituto Raimon,https://static.wikia.nocookie.net/inazuma/images/f/f6/Hairtown_%28Anime%29.png/revision/latest/scale-to-width-down/268?cb=20160611220156&path-prefix=es
Gary Lancaster,Montaña,Delantero,Instituto Wild,https://static.wikia.nocookie.net/inazuma/images/f/f0/EP06_-_Gorila.png/revision/latest/scale-to-width-down/268?cb=20180605165228&path-prefix=es
Grant Eldorado,Fuego,Delantero [ 1 ] Portero,Instituto Otaku,https://static.wikia.nocookie.net/inazuma/images/5/5c/%28OTK%29_Eldorado_3D_%283%29.png/revision/latest/scale-to-width-down/268?cb=20191017133851&path-prefix=es
Greg Bernard,Bosque,Delantero,Instituto Umbrella Instituto Raimon,https://static.wikia.nocookie.net/inazuma/images/6/64/Cyborg.jpg/revision/latest?cb=20110317165840&path-prefix=es
Gregory Smith,,,,https://static.wikia.nocookie.net/inazuma/images/9/9f/Detective_Smith_%28anime%29.png/revision/latest/scale-to-width-down/268?cb=20160915124545&path-prefix=es
Gus Gamer,Fuego,Delantero,Instituto Otaku,https://static.wikia.nocookie.net/inazuma/images/f/f2/Dcj.jpg/revision/latest/scale-to-width-down/268?cb=20120101185741&path-prefix=es
Gus Heeley,Montaña,Delantero,Instituto Zeus,https://static.wikia.nocookie.net/inazuma/images/3/30/%28Z%29_Achilles_3D_%283%29.png/revision/latest/scale-to-width-down/268?cb=20191021132524&path-prefix=es
Gus Martin,Bosque,Defensa,1ª Línea : Royal Academy Equipo Zero 2ª Línea : Royal Academy,https://static.wikia.nocookie.net/inazuma/images/8/82/118367.png/revision/latest?cb=20190905133625&path-prefix=es
Ham Signalman,Aire,Centrocampista,Instituto Otaku,https://static.wikia.nocookie.net/inazuma/images/e/e5/%28OTK%29_Signalman_3D_%283%29.png/revision/latest/scale-to-width-down/268?cb=20191017133957&path-prefix=es
Hank Sullivan,Bosque,Centrocampista,Instituto Shuriken,https://static.wikia.nocookie.net/inazuma/images/4/4f/250px-Hatsutori.jpg/revision/latest?cb=20111002151938&path-prefix=es
Hans Randall,Fuego,Delantero,Inazuma Kids FC,https://static.wikia.nocookie.net/inazuma/images/4/40/Kids_fc_inazuma.jpg/revision/latest?cb=20110604113151&path-prefix=es
Harry Closs,Fuego,Defensa,Instituto Zeus,https://static.wikia.nocookie.net/inazuma/images/8/8d/%28Z%29_Heracles_3D_%283%29.png/revision/latest/scale-to-width-down/268?cb=20191021133358&path-prefix=es
Harry Evans,,,,https://static.wikia.nocookie.net/inazuma/images/1/14/Mamoru%27s_Father.png/revision/latest/scale-to-width-down/267?cb=20230830163910&path-prefix=es
Harry Leading,Aire,Defensa,1ª Línea : Instituto Brain 2ª Línea : Instituto Brain,https://static.wikia.nocookie.net/inazuma/images/4/4b/Harry_Leading_IED.png/revision/latest?cb=20121126221356&path-prefix=es
Harry Savage,Aire,Entrenador Centrocampista,DT. Instituto Wild,https://static.wikia.nocookie.net/inazuma/images/e/e5/Harry_Savage.jpg/revision/latest?cb=20120731005659&path-prefix=es
Harry Snake,Bosque,Delantero,Instituto Wild,https://static.wikia.nocookie.net/inazuma/images/f/f5/Harry_snake.jpg/revision/latest/scale-to-width-down/268?cb=20110210180551&path-prefix=es
Hekyll Jyde,Montaña,Entrenador Defensa,Instituto Occult,https://static.wikia.nocookie.net/inazuma/images/e/ec/Jikiru_Haito.png/revision/latest?cb=20130516182218&path-prefix=es
Henry House,Fuego,Centrocampista Defensa,Instituto Zeus Neo Japón,https://static.wikia.nocookie.net/inazuma/images/8/82/250px-Hera_Tadashi.jpg/revision/latest?cb=20120427011105&path-prefix=es
Herb Sherman,Fuego,Defensa,Instituto Farm,https://static.wikia.nocookie.net/inazuma/images/3/37/Sherman.jpg/revision/latest/scale-to-width-down/267?cb=20160509015843&path-prefix=es
Herman Muller,Aire,Portero,Inazuma Kids FC,https://static.wikia.nocookie.net/inazuma/images/0/0b/CIUDAD_INAZUMA_%282%29.jpg/revision/latest?cb=20111230160645&path-prefix=es
Herman Waldon,Aire,Centrocampista,1ª Línea : Royal Academy 2ª Línea : Royal Academy,https://static.wikia.nocookie.net/inazuma/images/6/64/Herman_Waldon_IED.png/revision/latest?cb=20121126190735&path-prefix=es
Homer Grower,Montaña,Defensa,Instituto Farm,https://static.wikia.nocookie.net/inazuma/images/1/1e/%28F%29_Grower_3D_%283%29.png/revision/latest/scale-to-width-down/268?cb=20191019200938&path-prefix=es
Hugo Talgeese,Fuego,Centrocampista Defensa,Instituto Wild,https://static.wikia.nocookie.net/inazuma/images/f/f0/250px-ToriiRyota_%281%29.JPG/revision/latest?cb=20120521013345&path-prefix=es
Ian Stager,Bosque,Defensa,Sallys,https://static.wikia.nocookie.net/inazuma/images/4/40/%28S%29_Stager_3D_%283%29.png/revision/latest/scale-to-width-down/268?cb=20200122232556&path-prefix=es
Ian Suffolk,Fuego,Centrocampista,10. Instituto Raimon,https://static.wikia.nocookie.net/inazuma/images/e/ec/Sufol.jpg/revision/latest?cb=20160617142011&path-prefix=es
Iggy Russ,Aire,Portero,Instituto Zeus,https://static.wikia.nocookie.net/inazuma/images/a/ad/%28Z%29_Icarus_3D_%283%29.png/revision/latest/scale-to-width-down/268?cb=20191021133402&path-prefix=es
Ike Steiner,Bosque,Centrocampista,Instituto Farm,https://static.wikia.nocookie.net/inazuma/images/0/06/Mother.jpg/revision/latest/scale-to-width-down/268?cb=20160509215226&path-prefix=es
Irwin Hall,Bosque,Centrocampista,Inazuma Kids FC,https://static.wikia.nocookie.net/inazuma/images/c/cc/Ikejiri_Haru.png/revision/latest?cb=20140928125815&path-prefix=es
Izzy Island,Bosque,Defensa,Inazuma Kids FC,https://static.wikia.nocookie.net/inazuma/images/f/f0/Izzy_Island_%28anime%29.png/revision/latest?cb=20160530213417&path-prefix=es
Jack Wallside,Montaña,Defensa,1ª Línea : 3. Instituto Raimon 3. Pruebas de Selección - Equipo A 3. Inazuma Japón 3. Equipo Rojo Earth Eleven,https://static.wikia.nocookie.net/inazuma/images/5/52/Jack_%28Artwork_IE_T3%29.png/revision/latest?cb=20180130144747&path-prefix=es
Jamie Cool,Aire,Centrocampista,Inazuma Kids FC,https://static.wikia.nocookie.net/inazuma/images/0/04/Jaime_Cool.png/revision/latest/scale-to-width-down/268?cb=20130907114517&path-prefix=es
Janison Veteran,Fuego,Portero,Inazuma Eleven,https://static.wikia.nocookie.net/inazuma/images/4/47/Veteran_%28Anime%29.png/revision/latest?cb=20150922185046&path-prefix=es
Jason Jones,Aire,Defensa,Instituto Occult,https://static.wikia.nocookie.net/inazuma/images/d/d5/Creepy.jpg/revision/latest?cb=20111031152745&path-prefix=es
Jason Strike,Fuego,Defensa,Instituto Umbrella,https://static.wikia.nocookie.net/inazuma/images/2/23/Kikuchi.png/revision/latest?cb=20120104205050&path-prefix=es
Jeff Iron,Fuego,Defensa,Instituto Zeus,https://static.wikia.nocookie.net/inazuma/images/2/29/Hepai_En.jpg/revision/latest?cb=20110928101308&path-prefix=es
Jerry Fulton,Fuego,Defensa,Instituto Occult,https://static.wikia.nocookie.net/inazuma/images/0/0d/Jerry_fulton.jpg/revision/latest/scale-to-width-down/268?cb=20110421085735&path-prefix=es
Jez Shell,Aire,Centrocampista,Instituto Shuriken,https://static.wikia.nocookie.net/inazuma/images/6/62/Shell.jpg/revision/latest?cb=20110226105703&path-prefix=es
Jim Hillfort,Aire,Defensa,Instituto Shuriken,https://static.wikia.nocookie.net/inazuma/images/0/05/Jim_hillfort.jpg/revision/latest/scale-to-width-down/268?cb=20111107171642&path-prefix=es
Jim Lawrenson,Aire,Delantero,Royal Academy,https://static.wikia.nocookie.net/inazuma/images/b/b4/%28RA%29_Lawerson_3D_%283%29.png/revision/latest/scale-to-width-down/267?cb=20191016195640&path-prefix=es
Jim Wraith,Bosque,Defensa,4. Instituto Raimon 4. Emperadores Oscuros,https://static.wikia.nocookie.net/inazuma/images/1/1d/Jim_%28Artwork%29.png/revision/latest/scale-to-width-down/208?cb=20230417135552&path-prefix=es
Joe Ingram,Fuego,Portero,Instituto Umbrella,https://static.wikia.nocookie.net/inazuma/images/0/05/Joe_ingram.png/revision/latest?cb=20120919140221&path-prefix=es
Joe Small,Montaña,Centrocampista,Instituto Farm,https://static.wikia.nocookie.net/inazuma/images/7/71/Small.jpg/revision/latest/scale-to-width-down/268?cb=20160509201814&path-prefix=es
Johan Tassman,Bosque,Delantero Centrocampista,Instituto Occult Neo Japón,https://static.wikia.nocookie.net/inazuma/images/8/80/Johan_Tasman.jpg/revision/latest?cb=20101228131303&path-prefix=es
John Bloom,Fuego Aire,Centrocampista,1ª Línea : 7. Royal Academy 2ª Línea : 7. Royal Academy,https://static.wikia.nocookie.net/inazuma/images/b/ba/Shuuji_sakiyama_IED.png/revision/latest?cb=20121126191327&path-prefix=es
John Neville,Fuego,Portero,Instituto Kirkwood,https://static.wikia.nocookie.net/inazuma/images/0/04/Nevillers.PNG/revision/latest/scale-to-width-down/268?cb=20180319164019&path-prefix=es
John Reynolds,Aire,Delantero,Instituto Shuriken,https://static.wikia.nocookie.net/inazuma/images/f/f6/%28SHK%29_Ronin_3D_%283%29.png/revision/latest/scale-to-width-down/268?cb=20191017131938&path-prefix=es
Jonas Demetrius,Fuego,Delantero,1ª Línea : Instituto Zeus Neo Japón 2ª Línea : Instituto Zeus,https://static.wikia.nocookie.net/inazuma/images/f/f9/Jonas_Demetrius_IED.png/revision/latest?cb=20121213132742&path-prefix=es
Jonathan Seller,Aire,Delantero,1ª Línea : Instituto Brain 2ª Línea : Instituto Brain,https://static.wikia.nocookie.net/inazuma/images/0/02/Seller_IED.png/revision/latest?cb=20121125115628&path-prefix=es
Joseph King,Fuego,Portero,1ª Línea : 1. Royal Academy,https://static.wikia.nocookie.net/inazuma/images/b/bf/Artwork_King_%28T3%29.png/revision/latest?cb=20151205193950&path-prefix=es
Joseph Yosemite,Aire,Delantero,9. Instituto Raimon,https://static.wikia.nocookie.net/inazuma/images/9/97/Barista_%28EP14%29.PNG/revision/latest?cb=20160616191034&path-prefix=es
Josh Nathaniel,Bosque,Centrocampista,6. Instituto Raimon,https://static.wikia.nocookie.net/inazuma/images/c/c8/Nathaniel.jpg/revision/latest/scale-to-width-down/268?cb=20110316165917&path-prefix=es
Josh Spear,Bosque,Delantero,Instituto Otaku,https://static.wikia.nocookie.net/inazuma/images/0/01/Josh_Spear.jpg/revision/latest/scale-to-width-down/268?cb=20130812125658&path-prefix=es
Jude Sharp,Aire,Centrocampista Entrenador,1ª Línea : 10. Royal Academy,https://static.wikia.nocookie.net/inazuma/images/b/b1/Jude_%28Artwork_Anime_T3%29.png/revision/latest?cb=20151026151127&path-prefix=es
Julia Blaze,Fuego,Centrocampista,,https://static.wikia.nocookie.net/inazuma/images/0/0b/ImagesCA0ZTHFP.jpg/revision/latest?cb=20120609070014&path-prefix=es
Julius Molehill,Aire,Defensa,Instituto Umbrella,https://static.wikia.nocookie.net/inazuma/images/c/c1/%28U%29_Molehill_%283%29.png/revision/latest/scale-to-width-down/268?cb=20191024142922&path-prefix=es
Jupiter Jumper,Aire,Centrocampista,Instituto Shuriken,https://static.wikia.nocookie.net/inazuma/images/f/fa/Jupiter_Jumper_%28anime%29.jpg/revision/latest?cb=20150225004134&path-prefix=es
Karl Blue,Montaña,Centrocampista,Inazuma Kids FC,https://static.wikia.nocookie.net/inazuma/images/f/f5/%28IKFC%29_Karl_3D_%283%29.png/revision/latest/scale-to-width-down/268?cb=20200117140949&path-prefix=es
Ken Cake,Montaña,Delantero,Inazuma Kids FC,https://static.wikia.nocookie.net/inazuma/images/1/14/%28IKFC%29_Cake_3D_%283%29.png/revision/latest/scale-to-width-down/268?cb=20200117135346&path-prefix=es
Ken Furan,Montaña,Defensa,Instituto Occult,https://static.wikia.nocookie.net/inazuma/images/3/3f/Ken_Furan_viendo_el_resultado.jpg/revision/latest?cb=20120202181447&path-prefix=es
Kendall Sefton,Aire,Defensa,Instituto Umbrella,https://static.wikia.nocookie.net/inazuma/images/2/26/Himejima.png/revision/latest?cb=20120104203902&path-prefix=es
Kent Work,Bosque,Defensa,Instituto Farm,https://static.wikia.nocookie.net/inazuma/images/6/6d/Kent_work.jpg/revision/latest?cb=20110407164352&path-prefix=es
Keth Claus,Aire,Defensa,Inazuma Kids FC,https://static.wikia.nocookie.net/inazuma/images/9/93/Keth_Claus_%28anime%29.png/revision/latest?cb=20160530204904&path-prefix=es
Kevin Castle,Aire,Portero,Instituto Shuriken,https://static.wikia.nocookie.net/inazuma/images/0/0b/%28SHK%29_Castle_3D_%283%29.png/revision/latest/scale-to-width-down/268?cb=20191017131808&path-prefix=es
Kevin Dragonfly,Bosque,Delantero,1ª Línea : 11. Instituto Raimon 11. Emperadores Oscuros,https://static.wikia.nocookie.net/inazuma/images/e/eb/Kevin_%28T3_Artwork%29.png/revision/latest?cb=20180322184353&path-prefix=es
Kippy Jones,Bosque,Centrocampista,Sallys,https://static.wikia.nocookie.net/inazuma/images/4/44/%28S%29_Jones_3D_%283%29.png/revision/latest/scale-to-width-down/268?cb=20200122232313&path-prefix=es
Lane War,Montaña,Defensa,1ª Línea : Instituto Zeus 2ª Línea : Instituto Zeus,https://static.wikia.nocookie.net/inazuma/images/9/92/250px-Aresu_Ran_2.jpg/revision/latest?cb=20120628002125&path-prefix=es
Leonard O'Shea,Montaña,Defensa,Instituto Wild,https://static.wikia.nocookie.net/inazuma/images/e/e6/Leonard_o%27shea.jpg/revision/latest/scale-to-width-down/268?cb=20110210175011&path-prefix=es
Leroy Rhymes,Aire,Centrocampista,Instituto Umbrella,https://static.wikia.nocookie.net/inazuma/images/a/aa/Kanou.png/revision/latest?cb=20120104200908&path-prefix=es
Light Nobel,Bosque,Centrocampista,Instituto Otaku,https://static.wikia.nocookie.net/inazuma/images/5/5e/Light_Nobel_IED.png/revision/latest?cb=20121202160210&path-prefix=es
Lizzy Squirrel,Aire,Centrocampista,Sallys,https://static.wikia.nocookie.net/inazuma/images/4/4c/%28S%29_Squirrel_3D_%283%29.png/revision/latest/scale-to-width-down/268?cb=20200122232554&path-prefix=es
Lorne Mower,Montaña,Defensa [ 1 ] Portero,Instituto Farm,https://static.wikia.nocookie.net/inazuma/images/f/ff/%28F%29_Mower_3D_%283%29.png/revision/latest/scale-to-width-down/268?cb=20191019201023&path-prefix=es
Lou Edmonds,Fuego,Delantero,Instituto Umbrella Instituto Raimon,https://static.wikia.nocookie.net/inazuma/images/d/d5/Edmonds.jpg/revision/latest/scale-to-width-down/268?cb=20110317165037&path-prefix=es
Louis Hillside,Fuego,Defensa,Sallys,https://static.wikia.nocookie.net/inazuma/images/9/96/%28S%29_Knuckles_3D_%283%29.png/revision/latest/scale-to-width-down/268?cb=20200122232316&path-prefix=es
Luke Lively,Bosque,Defensa,Instituto Farm,https://static.wikia.nocookie.net/inazuma/images/b/b2/%28F%29_Lively_3D_%283%29.png/revision/latest/scale-to-width-down/268?cb=20191019201017&path-prefix=es
Maddie Moonlight,Bosque,Delantero Entrenador,Inazuma Kids FC Inazuma Kids FC,https://static.wikia.nocookie.net/inazuma/images/9/97/ImagesCA9PWV23.jpg/revision/latest?cb=20120825134518&path-prefix=es
Malcolm Night,Fuego,Defensa,1ª Línea : Instituto Kirkwood Emperadores Oscuros 2ª Línea : Instituto Kirkwood,https://static.wikia.nocookie.net/inazuma/images/c/ce/Nishigaki.png/revision/latest/scale-to-width-down/267?cb=20220420225338&path-prefix=es
Manny Artic,Montaña,Entrenador Centrocampista,Instituto Otaku,https://static.wikia.nocookie.net/inazuma/images/c/c7/Shuuyoumeitocoach.jpg/revision/latest?cb=20110727211459&path-prefix=es
Marcus Train,Fuego,Defensa,Instituto Otaku,https://static.wikia.nocookie.net/inazuma/images/c/c8/Sujimichi_Tetsuo.jpg/revision/latest?cb=20201213152228&path-prefix=es
Mark Evans,Montaña,Portero Defensa,1ª Línea : 1/15. Instituto Raimon,https://static.wikia.nocookie.net/inazuma/images/0/0c/Mark%28Joven%29.png/revision/latest?cb=20210128023904&path-prefix=es
Mark Gambling,Aire,Delantero,Instituto Otaku,https://static.wikia.nocookie.net/inazuma/images/c/c5/Moe_manga.jpg/revision/latest/scale-to-width-down/268?cb=20151203181459&path-prefix=es
Mark Hillvalley,Montaña,Defensa,Instituto Farm Neo Japón,https://static.wikia.nocookie.net/inazuma/images/9/92/Markhillvalley1.png/revision/latest/scale-to-width-down/268?cb=20140107201723&path-prefix=es
Marshall Heart,Aire,Delantero,13. Inazuma Eleven,https://static.wikia.nocookie.net/inazuma/images/1/18/%28IE%29_Heart_3D_%283%29.png/revision/latest/scale-to-width-down/268?cb=20200131145815&path-prefix=es
Marvin Murdock,Fuego,Delantero,1ª Línea : Instituto Kirkwood,https://static.wikia.nocookie.net/inazuma/images/a/a4/Marvin.jpg/revision/latest/scale-to-width-down/268?cb=20220420223919&path-prefix=es
Matt Mouseman,Montaña,Centrocampista,Instituto Wild,https://static.wikia.nocookie.net/inazuma/images/6/6b/%28W%29_Mouseman_3D_%283%29.png/revision/latest/scale-to-width-down/268?cb=20191015151541&path-prefix=es
Maxwell Carson,Aire,Delantero [ 1 ] Centrocampista,9. Instituto Raimon 9. Emperadores Oscuros 22. Pruebas de Selección - Equipo A,https://static.wikia.nocookie.net/inazuma/images/f/f8/Max_%28Raimon_Artwork%29.png/revision/latest/scale-to-width-down/228?cb=20220610144011&path-prefix=es
Maxwell Claus,Bosque,Defensa,Instituto Umbrella,https://static.wikia.nocookie.net/inazuma/images/c/c2/Mukaiyama.png/revision/latest?cb=20120104211107&path-prefix=es
Michael Riverside,Montaña,Centrocampista,Inazuma Kids FC,https://static.wikia.nocookie.net/inazuma/images/5/51/Michael_Riverside_%28Anime%29.png/revision/latest?cb=20160603151935&path-prefix=es
Mick Askley,Bosque,Centrocampista,Instituto Occult,https://static.wikia.nocookie.net/inazuma/images/a/ae/%28O%29_Ghost_3D_%283%29.png/revision/latest/scale-to-width-down/268?cb=20191015133601&path-prefix=es
Mike Vox,Aire,Defensa,Instituto Otaku,https://static.wikia.nocookie.net/inazuma/images/9/90/%28OTK%29_Vox_3D_%283%29.png/revision/latest/scale-to-width-down/268?cb=20191017134008&path-prefix=es
Mildford Scott,Bosque,Centrocampista,Instituto Umbrella Instituto Raimon,https://static.wikia.nocookie.net/inazuma/images/5/5d/Tachino.png/revision/latest?cb=20120104202411&path-prefix=es
Miles Ryan,Aire,Defensa,,https://static.wikia.nocookie.net/inazuma/images/5/52/Tumblr_lto16onhyh1qj0sk0.png/revision/latest?cb=20111113000036&path-prefix=es
Mitch Grumble,Aire,Centrocampista,Inazuma Kids FC,https://static.wikia.nocookie.net/inazuma/images/f/f7/%28IKFC%29_Grumble_3D_%283%29.png/revision/latest/scale-to-width-down/268?cb=20200117135355&path-prefix=es
Mitch Sandstone,Fuego,Centrocampista,Sallys,https://static.wikia.nocookie.net/inazuma/images/b/bb/%28S%29_Sandstone_3D_%283%29.png/revision/latest/scale-to-width-down/268?cb=20200122232550&path-prefix=es
Morgan Sanders,Bosque,Portero,Instituto Shuriken,https://static.wikia.nocookie.net/inazuma/images/9/99/250px-Momochi.jpg/revision/latest?cb=20120812154903&path-prefix=es
Nathan Jones,Aire,Portero,Instituto Occult,https://static.wikia.nocookie.net/inazuma/images/2/29/250px-Nata_Juuzou.jpg/revision/latest?cb=20111002194011&path-prefix=es
Nathan Swift,Aire,Defensa Delantero,1ª Línea : 2. Instituto Raimon 10. Emperadores Oscuros,https://static.wikia.nocookie.net/inazuma/images/7/74/Nathan_%28T3_Artwork%29.png/revision/latest/scale-to-width-down/200?cb=20170526000014&path-prefix=es
Ned Yousef,Montaña,Centrocampista,Instituto Zeus,https://static.wikia.nocookie.net/inazuma/images/7/7e/%28Z%29_Medusa_3D_%283%29.png/revision/latest/scale-to-width-down/268?cb=20191021133403&path-prefix=es
Neil Turner,Fuego,Delantero Centrocampista,1ª Línea : 11. Instituto Brain 6. Neo Japón DT. Secundaria Northbright,https://static.wikia.nocookie.net/inazuma/images/c/c1/Neil_Turner_%28NJ_Artwork%29.png/revision/latest?cb=20160321134356&path-prefix=es
Neil Waters,Bosque,Defensa,Instituto Brain,https://static.wikia.nocookie.net/inazuma/images/6/67/%28B%29_Waters_3D_%283%29.png/revision/latest/scale-to-width-down/268?cb=20191016140450&path-prefix=es
Nelly Raimon,Fuego,Delantero,1ª Línea : Instituto Raimon,https://static.wikia.nocookie.net/inazuma/images/b/b9/Nelly_%28Artwork%29.png/revision/latest/scale-to-width-down/168?cb=20210131215441&path-prefix=es
Ness Sheldon,Montaña,Defensa,Sallys,https://static.wikia.nocookie.net/inazuma/images/9/98/%28S%29_Sheldon_3D_%283%29.png/revision/latest/scale-to-width-down/268?cb=20200122232552&path-prefix=es
Newton Flust,Montaña,Defensa,Instituto Shuriken,https://static.wikia.nocookie.net/inazuma/images/e/e8/250px-Fujibayashi_Nagato.jpg/revision/latest?cb=20120101200849&path-prefix=es
Noel Good,Bosque Montaña,Defensa,1ª Línea : Instituto Brain 2ª Línea : Instituto Brain,https://static.wikia.nocookie.net/inazuma/images/e/e6/Noel_good.jpg/revision/latest?cb=20160319180839&path-prefix=es
Norman Porter,Montaña,Defensa,Instituto Umbrella,https://static.wikia.nocookie.net/inazuma/images/1/10/Noho.png/revision/latest?cb=20120104210026&path-prefix=es
Ollie Webb,Bosque,Defensa,Instituto Otaku,https://static.wikia.nocookie.net/inazuma/images/c/c9/%28OTK%29_Net_3D_%283%29.png/revision/latest/scale-to-width-down/268?cb=20191017133927&path-prefix=es
Orville Newman,Fuego,Centrocampista,Instituto Farm,https://static.wikia.nocookie.net/inazuma/images/a/a6/250px-Oogoi_Noboru.jpg/revision/latest?cb=20120218215933&path-prefix=es
Patrick Stiller,Aire,Centrocampista,Instituto Brain,https://static.wikia.nocookie.net/inazuma/images/9/9a/%28B%29_Stiller_3D_%283%29.png/revision/latest/scale-to-width-down/268?cb=20191016140412&path-prefix=es
Paul Caperock,Aire,Defensa,Instituto Umbrella,https://static.wikia.nocookie.net/inazuma/images/6/65/%28U%29_Caperock_%283%29.png/revision/latest/scale-to-width-down/268?cb=20191024142433&path-prefix=es
Paul Peabody,Aire,Defensa Portero,Manga de Tenya Yabuno : 7. [ 1 ] /8. Instituto Raimon 8. Pruebas de Selección - Equipo A 8. Inazuma Japón,https://static.wikia.nocookie.net/inazuma/images/5/51/Paul_Peadbody_Anime.png/revision/latest/scale-to-width-down/268?cb=20110724203435&path-prefix=es
Paul Siddon,Montaña,Portero,Instituto Zeus,https://static.wikia.nocookie.net/inazuma/images/0/0f/Paulsiddon.png/revision/latest/scale-to-width-down/268?cb=20130830084758&path-prefix=es
Peter Banker,Aire,Centrocampista [ 1 ] Portero,Instituto Umbrella,https://static.wikia.nocookie.net/inazuma/images/0/07/%28U%29_Banker_%283%29.png/revision/latest/scale-to-width-down/268?cb=20191024142431&path-prefix=es
Peter Drent,Montaña,Defensa,1ª Línea : 2. Royal Academy 21. Pruebas de Selección - Equipo B [ 1 ] 2ª Línea : 2. Royal Academy,https://static.wikia.nocookie.net/inazuma/images/e/e8/Peter_Drent_IED.png/revision/latest?cb=20121126185305&path-prefix=es
Peter Johnson,Bosque,Defensa,Instituto Wild,https://static.wikia.nocookie.net/inazuma/images/7/7b/Peterjohnsonwild.jpg/revision/latest?cb=20230524193329&path-prefix=es
Peter Mildred,Bosque,Centrocampista,5. Instituto Raimon,https://static.wikia.nocookie.net/inazuma/images/5/5f/Peter_Mildred_%281%29.png/revision/latest?cb=20130726130320&path-prefix=es
Peter Wells,Aire,Defensa,Instituto Kirkwood,https://static.wikia.nocookie.net/inazuma/images/6/68/%28KW%29_Wells_3D_%283%29.png/revision/latest/scale-to-width-down/268?cb=20191019202358&path-prefix=es
Phil Noir,Bosque,Delantero,Instituto Occult,https://static.wikia.nocookie.net/inazuma/images/8/8d/%28O%29_Noir_3D_%283%29.png/revision/latest/scale-to-width-down/268?cb=20191015133902&path-prefix=es
Phil Wingate,Montaña,Centrocampista,Instituto Shuriken,https://static.wikia.nocookie.net/inazuma/images/6/67/185px-Koheita_fuma.jpg/revision/latest/scale-to-width-down/268?cb=20200315155350&path-prefix=es
Philip Anders,Fuego,Delantero,Instituto Wild,https://static.wikia.nocookie.net/inazuma/images/a/af/%28W%29_Panda_3D_%283%29.png/revision/latest/scale-to-width-down/268?cb=20191015151545&path-prefix=es
Philip Marvel,Montaña,Defensa,1ª Línea : Instituto Brain 2ª Línea : Instituto Brain,https://static.wikia.nocookie.net/inazuma/images/b/ba/Marvel.png/revision/latest?cb=20160319004846&path-prefix=es
Pip Daltry,Bosque,Defensa,Sallys,https://static.wikia.nocookie.net/inazuma/images/6/6b/%28S%29_Daltry_3D_%283%29.png/revision/latest/scale-to-width-down/268?cb=20200122232040&path-prefix=es
Ray Dark,Aire,Entrenador Centrocampista,1ª Línea: Instituto Raimon,https://static.wikia.nocookie.net/inazuma/images/0/0f/Ray_Dark_%28Artwork_T1-T2%29.png/revision/latest/scale-to-width-down/191?cb=20220610143119&path-prefix=es
Ray Mannings,Aire,Centrocampista,Instituto Occult,https://static.wikia.nocookie.net/inazuma/images/3/30/Reigen_Michihisa.jpg/revision/latest?cb=20120102164736&path-prefix=es
Reg Underwood,Bosque,Centrocampista [ 1 ] Portero,Instituto Brain,https://static.wikia.nocookie.net/inazuma/images/b/b9/%28B%29_Under_3D_%283%29.png/revision/latest/scale-to-width-down/268?cb=20191016140420&path-prefix=es
Ricky Clover,Montaña,Defensa,Línea Original : Instituto Kirkwood Línea Alterna : Instituto Kirkwood,https://static.wikia.nocookie.net/inazuma/images/b/b1/Kurobe.jpg/revision/latest/scale-to-width-down/268?cb=20130822082943&path-prefix=es
Rob Crombie,Montaña,Defensa [ 1 ] Portero,Instituto Occult,https://static.wikia.nocookie.net/inazuma/images/4/4e/%28O%29_Zombie_3D_%283%29.png/revision/latest/scale-to-width-down/268?cb=20191015134808&path-prefix=es
Robert Mayer,Bosque,Centrocampista,Instituto Occult,https://static.wikia.nocookie.net/inazuma/images/1/1f/Mummy.jpg/revision/latest?cb=20110317180150&path-prefix=es
Robert Silver,Aire,Defensa,Inazuma Kids FC,https://static.wikia.nocookie.net/inazuma/images/0/07/Robert_Silver_%28Anime%29.png/revision/latest?cb=20140107170802&path-prefix=es
Rocky Rackham,Bosque,Defensa,Instituto Wild,https://static.wikia.nocookie.net/inazuma/images/0/07/%28W%29_Raccoon_3D_%283%29.png/revision/latest/scale-to-width-down/267?cb=20191015151547&path-prefix=es
Rolf Howells,Aire,Defensa,Instituto Farm,https://static.wikia.nocookie.net/inazuma/images/1/14/%28F%29_Howells_3D_%283%29.png/revision/latest/scale-to-width-down/268?cb=20191019201015&path-prefix=es
Russell Walk,Bosque,Defensa,Instituto Occult,https://static.wikia.nocookie.net/inazuma/images/b/bd/Styx..jpg/revision/latest?cb=20120705085654&path-prefix=es
Sail Bluesea,Fuego,Delantero Centrocampista,Instituto Shuriken,https://static.wikia.nocookie.net/inazuma/images/a/a0/195px-Kirigakure_Saiji_HQ_016.png/revision/latest?cb=20120707180116&path-prefix=es
Sam Idol,Montaña,Portero,Instituto Otaku,https://static.wikia.nocookie.net/inazuma/images/d/dc/Sam_idol.jpg/revision/latest?cb=20120706132638&path-prefix=es
Sam Kincaid,Fuego,Centrocampista Defensa,8. Instituto Raimon 8. Emperadores Oscuros,https://static.wikia.nocookie.net/inazuma/images/f/f1/Sam_%28Artwork%29.png/revision/latest?cb=20230417134310&path-prefix=es
Sam Samurai,Bosque,Delantero,Instituto Shuriken,https://static.wikia.nocookie.net/inazuma/images/f/f6/Sam_Samurai_%28anime%29.jpg/revision/latest?cb=20150225010424&path-prefix=es
Samantha Moonlight,Aire,Delantero,Sallys,https://static.wikia.nocookie.net/inazuma/images/2/2e/%28S%29_Samantha_3D_%283%29.png/revision/latest/scale-to-width-down/268?cb=20200122232548&path-prefix=es
Sammy Igajima,Fuego,Entrenador Centrocampista,DT. Instituto Shuriken,https://static.wikia.nocookie.net/inazuma/images/3/35/Igayima.png/revision/latest/scale-to-width-down/268?cb=20200315144417&path-prefix=es
Samuel Buster,Fuego,Centrocampista,Instituto Brain,https://static.wikia.nocookie.net/inazuma/images/4/42/Samuel_buster.jpg/revision/latest?cb=20160320203058&path-prefix=es
Saul Tunk,Fuego,Centrocampista,Instituto Umbrella,https://static.wikia.nocookie.net/inazuma/images/1/1d/%28U%29_Tunk_%283%29.png/revision/latest/scale-to-width-down/268?cb=20191024143703&path-prefix=es
Seth Nichols,Aire,Entrenador Defensa,Línea Original : Instituto Kirkwood Línea Héroes : Instituto Kirkwood,https://static.wikia.nocookie.net/inazuma/images/5/5f/250px-Vlcsnap-2012-04-10-01h22m22s226.png/revision/latest?cb=20120811155246&path-prefix=es
Seward Hayseed,Montaña,Defensa,Instituto Farm,https://static.wikia.nocookie.net/inazuma/images/d/dc/250px-Sumino_Eisuke.jpg/revision/latest?cb=20120218215629&path-prefix=es
Seymour Hillman,Montaña,Entrenador Portero,Pasado : 1. Instituto Raimon,https://static.wikia.nocookie.net/inazuma/images/9/9f/Hillman_%28Artwork%29.png/revision/latest/scale-to-width-down/267?cb=20220610144030&path-prefix=es
Señor Sharp,,,,https://static.wikia.nocookie.net/inazuma/images/e/e5/Se%C3%B1or_Sharp.jpg/revision/latest/scale-to-width-down/268?cb=20150829235108&path-prefix=es
Sharon Evans,,,,https://static.wikia.nocookie.net/inazuma/images/3/36/Sharon_evans.jpg/revision/latest/scale-to-width-down/268?cb=20150829202332&path-prefix=es
Silvia Woods,Montaña,Portero Entrenador,1ª Línea : Instituto Raimon,https://static.wikia.nocookie.net/inazuma/images/7/71/Silvia_%28Artwork%29.png/revision/latest/scale-to-width-down/234?cb=20210117141332&path-prefix=es
Simon Calier,Bosque,Centrocampista [ 1 ] Portero,Instituto Kirkwood,https://static.wikia.nocookie.net/inazuma/images/a/a7/%28KW%29_Calier_3D_%283%29.png/revision/latest/scale-to-width-down/268?cb=20191019201915&path-prefix=es
Slot MacHines,Fuego,Defensa,15. Inazuma Eleven,https://static.wikia.nocookie.net/inazuma/images/c/c4/%28IE%29_MacHines_3D_%283%29.png/revision/latest/scale-to-width-down/268?cb=20200131151410&path-prefix=es
Sothern Newman,Montaña,Defensa,Inazuma Kids FC,https://static.wikia.nocookie.net/inazuma/images/9/99/Sothern_Newman_%28Anime%29.png/revision/latest?cb=20160531013634&path-prefix=es
Spencer Gates,Montaña,Defensa,Instituto Otaku,https://static.wikia.nocookie.net/inazuma/images/1/16/Spencergates1.png/revision/latest/scale-to-width-down/268?cb=20140103202301&path-prefix=es
Stephen Black,,Entrenador,Royal Academy,https://static.wikia.nocookie.net/inazuma/images/6/6a/Se%C3%B1or_Black_%28Anime%29.PNG/revision/latest/scale-to-width-down/268?cb=20140925195548&path-prefix=es
Steve Eagle,Aire,Centrocampista,Instituto Wild,https://static.wikia.nocookie.net/inazuma/images/a/a8/Steve_eagle.jpg/revision/latest?cb=20110210173645&path-prefix=es
Steve Grim,Aire,Centrocampista Entrenador,6. Instituto Raimon 6. Emperadores Oscuros DT. Inazuma Kids FC,https://static.wikia.nocookie.net/inazuma/images/5/5f/Steve_%28Raimon_Artwork%29.png/revision/latest/scale-to-width-down/208?cb=20220610143136&path-prefix=es
Steve Ingham,Montaña,Delantero,Royal Academy,https://static.wikia.nocookie.net/inazuma/images/8/8d/Steve_Ingham_%28Opening_IE_Juego%29.png/revision/latest/scale-to-width-down/268?cb=20160416154402&path-prefix=es
Stuart Racoonfur,Bosque,Delantero,Instituto Farm,https://static.wikia.nocookie.net/inazuma/images/d/df/Muffs_%28Anime-EP18%29.jpg/revision/latest/scale-to-width-down/268?cb=20160510173030&path-prefix=es
Suzanne Yuma,Montaña,Portero,Sallys,https://static.wikia.nocookie.net/inazuma/images/8/82/%28S%29_Yuma_3D_%283%29.png/revision/latest/scale-to-width-down/268?cb=20200122232644&path-prefix=es
Tammy Fielding,Bosque,Defensa,Sallys,https://static.wikia.nocookie.net/inazuma/images/d/d7/%28S%29_Fielding_3D_%283%29.png/revision/latest/scale-to-width-down/268?cb=20200122232042&path-prefix=es
Taylor Higgins,Aire,Centrocampista,Inazuma Kids FC,https://static.wikia.nocookie.net/inazuma/images/8/85/Inazuma-eleven-arte-007.jpg/revision/latest/scale-to-width-down/267?cb=20140527201209&path-prefix=es
Ted Poe,Bosque,Delantero,12. Inazuma Eleven,https://static.wikia.nocookie.net/inazuma/images/8/84/%28IE%29_Poe_3D_%283%29.png/revision/latest/scale-to-width-down/268?cb=20200131151416&path-prefix=es
Terry Stronger,Fuego,Defensa,1ª Línea : Instituto Brain 2ª Línea : Instituto Brain,https://static.wikia.nocookie.net/inazuma/images/6/6b/Terry_stronger.jpg/revision/latest?cb=20160319001135&path-prefix=es
Theakston Plank,Aire,Delantero,Inazuma Kids FC,https://static.wikia.nocookie.net/inazuma/images/1/1e/%28IKFC%29_Plank_3D_%283%29.png/revision/latest/scale-to-width-down/268?cb=20200117141356&path-prefix=es
Theodore Master,Bosque,Delantero,Instituto Otaku,https://static.wikia.nocookie.net/inazuma/images/6/61/Arcade_%28anime%29.png/revision/latest?cb=20160401020439&path-prefix=es
Thomas Feldt,Bosque,Portero,1ª Línea : Instituto Brain Emperadores Oscuros,https://static.wikia.nocookie.net/inazuma/images/d/d8/Feldt.png/revision/latest?cb=20130331194749&path-prefix=es
Thomas Murdock,Aire,Delantero,1ª Línea : Instituto Kirkwood 2ª Línea : Instituto Kirkwood,https://static.wikia.nocookie.net/inazuma/images/d/dd/Murdock3524.jpg/revision/latest/scale-to-width-down/268?cb=20220420224415&path-prefix=es
Tim Saunders,Bosque,Centrocampista,7. Instituto Raimon 7. Emperadores Oscuros ??. Instituto Claustro Sagrado,https://static.wikia.nocookie.net/inazuma/images/6/6c/Timmy_%28Raimon_Artwork%29.png/revision/latest/scale-to-width-down/268?cb=20220610144047&path-prefix=es
Toby Damian,Aire,Centrocampista,Línea Original : Instituto Kirkwood Línea Alterna : Instituto Kirkwood,https://static.wikia.nocookie.net/inazuma/images/4/4f/Grdfhgh.png/revision/latest/scale-to-width-down/268?cb=20120827110637&path-prefix=es
Tod Ironside,Fuego,Defensa Centrocampista,5. Instituto Raimon,https://static.wikia.nocookie.net/inazuma/images/3/3e/Tod_%28T3_Artwork%29.png/revision/latest/scale-to-width-down/219?cb=20180417171752&path-prefix=es
Tom Dark,,Delantero,10. Selección de Japón,https://static.wikia.nocookie.net/inazuma/images/6/66/Kageyama_Tougo.png/revision/latest/scale-to-width-down/268?cb=20140312190559&path-prefix=es
Tom Walters,Montaña,Centrocampista,Instituto Farm,https://static.wikia.nocookie.net/inazuma/images/6/6d/250px-Harano_Tooru.jpg/revision/latest?cb=20120423001154&path-prefix=es
Troy Moon,Fuego,Delantero Centrocampista,Instituto Occult,https://static.wikia.nocookie.net/inazuma/images/d/d8/Troy_con_su_tiro_fantasma.jpg/revision/latest?cb=20120202174725&path-prefix=es
Turtle Newfield,Aire,Entrenador Centrocampista,Instituto Farm,https://static.wikia.nocookie.net/inazuma/images/e/e4/Se%C3%B1or_Newfield.png/revision/latest/scale-to-width-down/268?cb=20160511151245&path-prefix=es
Tyler Murdock,Montaña,Delantero,1ª Línea : Instituto Kirkwood Neo Japón 2ª Línea : Instituto Kirkwood,https://static.wikia.nocookie.net/inazuma/images/3/37/250px-Mukata_Tsutomi.jpg/revision/latest/scale-to-width-down/268?cb=20220420224404&path-prefix=es
Tyler Thomas,Montaña,Centrocampista,8. Instituto Raimon,https://static.wikia.nocookie.net/inazuma/images/b/b8/Tyler_Thomas_%28anime%29.PNG/revision/latest/scale-to-width-down/268?cb=20180204193225&path-prefix=es
Tyron Rock,Fuego,Centrocampista,Instituto Brain,https://static.wikia.nocookie.net/inazuma/images/b/ba/Tyron.png/revision/latest?cb=20160319224457&path-prefix=es
Uxley Allen,Aire,Delantero,Instituto Occult,https://static.wikia.nocookie.net/inazuma/images/d/d0/%28O%29_Alien_3D_%283%29.png/revision/latest/scale-to-width-down/268?cb=20191015131813&path-prefix=es
Victor Kind,Bosque,Centrocampista,1ª Línea : Instituto Brain 2ª Línea : Instituto Brain,https://static.wikia.nocookie.net/inazuma/images/1/1b/Victor_Kind_%28anime%29.jpg/revision/latest?cb=20160321000252&path-prefix=es
Victor Talis,Bosque,Centrocampista,Instituto Kirkwood,https://static.wikia.nocookie.net/inazuma/images/9/9b/%28KW%29_Talis_3D_%283%29.png/revision/latest/scale-to-width-down/268?cb=20191019202227&path-prefix=es
Walter Valiant,Fuego,Centrocampista,Instituto Otaku,https://static.wikia.nocookie.net/inazuma/images/9/93/MutekiHideo7865.jpg/revision/latest?cb=20120101182737&path-prefix=es
Wesley Knox,Bosque,Centrocampista,1ª Línea : Instituto Zeus 2ª Línea : Instituto Zeus,https://static.wikia.nocookie.net/inazuma/images/9/94/250px-Atena_Tomo.jpg/revision/latest/scale-to-width-down/230?cb=20120628004121&path-prefix=es
William Glass,Bosque,Delantero Centrocampista [ 1 ],12/10/8 [ 2 ] Instituto Raimon Inazuma Japón,https://static.wikia.nocookie.net/inazuma/images/f/f5/Willy_%28T3_Artwork%29.png/revision/latest?cb=20190430223932&path-prefix=es
Wilson Fishman,Bosque,Defensa,Instituto Wild,https://static.wikia.nocookie.net/inazuma/images/c/c2/Imagem0.jpg/revision/latest?cb=20120812132202&path-prefix=es
Winston Falls,Aire,Centrocampista,Instituto Shuriken,https://static.wikia.nocookie.net/inazuma/images/f/f1/%28SHK%29_Spook_3D_%283%29.png/revision/latest/scale-to-width-down/268?cb=20191017131941&path-prefix=es
York Nashmith,Bosque,Centrocampista,1ª Línea : Instituto Kirkwood 2ª Línea : Instituto Kirkwood,https://static.wikia.nocookie.net/inazuma/images/8/81/250px-Yagata.jpg/revision/latest?cb=20120428005312&path-prefix=es
Zachary Moore,Bosque,Centrocampista,Línea Original : Instituto Kirkwood Línea Alterna : Instituto Kirkwood,https://static.wikia.nocookie.net/inazuma/images/0/0e/Zacharymoore1.png/revision/latest/scale-to-width-down/268?cb=20140101134919&path-prefix=es
